Booking_ID,Passenger_ID,Flight_ID,Booking_Date,Seat_Number,Payment_Status
B0001,P0348,FL010,2024-09-26,136,Pending
B0002,P0432,FL008,2024-08-29,105,Paid
B0003,P0033,FL073,2024-08-31,105,Paid
B0004,P0311,FL007,2024-06-06,157,Cancelled
B0005,P0314,FL087,2024-09-12,109,Paid
B0006,P0386,FL050,2024-04-12,121,Pending
B0007,P0165,FL089,2024-02-07,123,Cancelled
B0008,P0226,FL034,2024-10-01,151,Cancelled
B0009,P0401,FL031,2024-05-05,101,Cancelled
B0010,P0421,FL052,2024-10-21,139,Paid
B0011,P0436,FL017,2024-05-05,95,Paid
B0012,P0053,FL068,2024-08-08,44,Paid
B0013,P0046,FL004,2024-05-24,58,Cancelled
B0014,P0311,FL094,2024-04-12,127,Paid
B0015,P0280,FL048,2024-05-21,123,Cancelled
B0016,P0156,FL026,2024-05-21,66,Paid
B0017,P0385,FL005,2024-05-08,121,Paid
B0018,P0454,FL081,2024-03-20,83,Paid
B0019,P0249,FL024,2024-06-26,95,Pending
B0020,P0253,FL023,2024-07-19,192,Cancelled
B0021,P0073,FL013,2024-04-20,169,Pending
B0022,P0241,FL005,2024-03-20,161,Cancelled
B0023,P0462,FL063,2024-10-21,65,Pending
B0024,P0197,FL014,2024-09-09,161,Pending
B0025,P0145,FL044,2025-01-11,117,Pending
B0026,P0405,FL008,2024-04-25,137,Pending
B0027,P0191,FL083,2024-09-03,38,Cancelled
B0028,P0326,FL041,2024-07-08,89,Paid
B0029,P0319,FL040,2024-12-19,32,Pending
B0030,P0410,FL019,2024-08-06,61,Paid
B0031,P0311,FL026,2024-03-25,102,Cancelled
B0032,P0163,FL043,2024-09-29,31,Pending
B0033,P0428,FL046,2024-05-27,37,Pending
B0034,P0050,FL066,2024-12-06,48,Cancelled
B0035,P0145,FL027,2024-03-03,110,Cancelled
B0036,P0383,FL033,2024-08-13,193,Pending
B0037,P0214,FL062,2024-06-20,29,Cancelled
B0038,P0014,FL072,2024-05-13,199,Paid
B0039,P0470,FL071,2024-10-22,37,Pending
B0040,P0275,FL095,2024-08-22,186,Cancelled
B0041,P0243,FL034,2024-06-27,200,Cancelled
B0042,P0367,FL068,2024-10-17,141,Cancelled
B0043,P0482,FL081,2024-06-11,177,Paid
B0044,P0220,FL032,2024-10-22,104,Pending
B0045,P0381,FL052,2024-02-09,110,Paid
B0046,P0430,FL071,2024-12-06,118,Paid
B0047,P0282,FL090,2024-04-16,24,Paid
B0048,P0342,FL017,2024-12-06,119,Pending
B0049,P0250,FL044,2024-05-27,80,Pending
B0050,P0221,FL082,2024-10-18,117,Pending
B0051,P0330,FL034,2024-11-08,53,Paid
B0052,P0183,FL049,2025-01-08,100,Pending
B0053,P0415,FL011,2024-05-23,65,Pending
B0054,P0111,FL038,2024-10-30,33,Cancelled
B0055,P0491,FL074,2024-08-29,58,Paid
B0056,P0218,FL036,2024-08-25,25,Paid
B0057,P0172,FL085,2024-11-07,132,Cancelled
B0058,P0320,FL018,2024-07-18,45,Pending
B0059,P0221,FL074,2025-01-04,166,Cancelled
B0060,P0398,FL001,2024-09-01,91,Paid
B0061,P0179,FL054,2024-04-18,143,Paid
B0062,P0198,FL053,2024-02-29,86,Pending
B0063,P0008,FL046,2024-06-04,89,Paid
B0064,P0416,FL055,2024-03-13,9,Cancelled
B0065,P0348,FL006,2024-06-12,141,Cancelled
B0066,P0365,FL016,2024-08-17,198,Cancelled
B0067,P0447,FL071,2024-02-20,131,Cancelled
B0068,P0396,FL004,2024-11-16,11,Pending
B0069,P0148,FL028,2024-12-15,34,Pending
B0070,P0050,FL050,2024-08-21,96,Cancelled
B0071,P0205,FL017,2024-09-23,96,Pending
B0072,P0451,FL068,2025-01-05,34,Pending
B0073,P0439,FL092,2025-01-21,135,Cancelled
B0074,P0219,FL009,2024-06-21,44,Pending
B0075,P0431,FL015,2024-08-13,36,Paid
B0076,P0344,FL065,2025-01-03,13,Pending
B0077,P0063,FL055,2024-02-05,6,Paid
B0078,P0032,FL085,2024-08-12,28,Paid
B0079,P0299,FL002,2024-10-04,57,Paid
B0080,P0248,FL085,2024-05-30,64,Pending
B0081,P0355,FL070,2024-05-04,46,Cancelled
B0082,P0010,FL013,2024-11-04,108,Paid
B0083,P0020,FL052,2024-05-22,29,Cancelled
B0084,P0247,FL009,2024-08-16,181,Paid
B0085,P0025,FL014,2024-12-13,105,Pending
B0086,P0096,FL089,2024-09-02,182,Pending
B0087,P0207,FL053,2024-10-06,101,Cancelled
B0088,P0483,FL073,2024-05-16,21,Paid
B0089,P0264,FL100,2024-04-27,165,Cancelled
B0090,P0304,FL055,2024-10-09,82,Paid
B0091,P0311,FL069,2024-05-16,103,Cancelled
B0092,P0203,FL075,2024-03-25,42,Paid
B0093,P0311,FL033,2024-08-03,137,Paid
B0094,P0262,FL023,2024-05-28,103,Pending
B0095,P0424,FL033,2024-07-05,37,Cancelled
B0096,P0354,FL056,2024-06-28,39,Cancelled
B0097,P0415,FL096,2024-11-27,178,Cancelled
B0098,P0372,FL009,2024-12-17,66,Pending
B0099,P0052,FL010,2024-12-19,171,Cancelled
B0100,P0302,FL044,2024-06-15,26,Cancelled
B0101,P0413,FL050,2024-10-18,71,Cancelled
B0102,P0408,FL098,2024-12-08,112,Pending
B0103,P0194,FL086,2025-02-01,10,Cancelled
B0104,P0287,FL067,2024-09-03,124,Pending
B0105,P0489,FL066,2024-03-17,185,Paid
B0106,P0178,FL002,2024-03-29,114,Pending
B0107,P0493,FL039,2024-11-07,43,Cancelled
B0108,P0331,FL029,2024-05-13,74,Pending
B0109,P0251,FL019,2024-10-15,23,Cancelled
B0110,P0115,FL097,2024-02-19,182,Cancelled
B0111,P0253,FL053,2025-01-25,60,Paid
B0112,P0439,FL061,2024-06-28,14,Cancelled
B0113,P0318,FL031,2024-08-20,181,Pending
B0114,P0208,FL017,2024-04-19,51,Paid
B0115,P0422,FL015,2024-10-10,92,Paid
B0116,P0041,FL050,2024-11-15,109,Cancelled
B0117,P0461,FL075,2024-10-30,200,Pending
B0118,P0005,FL051,2024-02-24,128,Paid
B0119,P0469,FL008,2024-07-07,94,Cancelled
B0120,P0453,FL089,2024-06-16,73,Paid
B0121,P0424,FL054,2024-11-27,170,Pending
B0122,P0299,FL087,2024-08-08,23,Cancelled
B0123,P0234,FL014,2024-12-03,179,Cancelled
B0124,P0246,FL097,2024-11-07,105,Cancelled
B0125,P0436,FL091,2024-03-26,161,Paid
B0126,P0472,FL046,2024-12-25,34,Paid
B0127,P0001,FL034,2024-07-06,22,Cancelled
B0128,P0142,FL018,2024-06-03,125,Paid
B0129,P0312,FL069,2024-11-28,28,Pending
B0130,P0394,FL076,2024-06-26,150,Cancelled
B0131,P0240,FL050,2024-04-20,165,Pending
B0132,P0356,FL040,2024-09-04,6,Cancelled
B0133,P0014,FL091,2024-11-28,100,Pending
B0134,P0012,FL033,2024-03-29,10,Paid
B0135,P0277,FL040,2024-11-17,192,Cancelled
B0136,P0265,FL038,2024-06-20,191,Pending
B0137,P0009,FL035,2024-10-14,170,Paid
B0138,P0486,FL029,2024-10-20,146,Paid
B0139,P0409,FL055,2024-08-23,158,Pending
B0140,P0055,FL017,2025-02-04,128,Pending
B0141,P0225,FL018,2024-04-24,159,Paid
B0142,P0015,FL050,2024-09-18,59,Cancelled
B0143,P0202,FL053,2024-04-17,160,Cancelled
B0144,P0239,FL074,2024-12-02,168,Paid
B0145,P0116,FL074,2024-09-21,7,Pending
B0146,P0073,FL094,2024-03-10,151,Cancelled
B0147,P0404,FL010,2025-01-11,176,Pending
B0148,P0174,FL076,2024-11-15,172,Paid
B0149,P0387,FL045,2024-07-03,158,Paid
B0150,P0492,FL082,2025-01-26,132,Pending
B0151,P0367,FL003,2024-08-03,36,Cancelled
B0152,P0220,FL059,2024-07-06,168,Cancelled
B0153,P0413,FL011,2024-06-17,49,Paid
B0154,P0152,FL091,2024-12-16,81,Pending
B0155,P0445,FL091,2025-01-24,136,Paid
B0156,P0393,FL032,2024-12-25,192,Paid
B0157,P0061,FL020,2024-02-12,96,Paid
B0158,P0411,FL099,2024-06-20,67,Pending
B0159,P0134,FL053,2024-05-13,12,Paid
B0160,P0410,FL059,2024-07-22,99,Pending
B0161,P0011,FL095,2024-03-17,196,Cancelled
B0162,P0020,FL030,2024-11-18,33,Paid
B0163,P0030,FL049,2024-04-04,75,Paid
B0164,P0460,FL063,2024-07-31,56,Paid
B0165,P0339,FL007,2024-05-20,135,Pending
B0166,P0312,FL022,2024-06-08,77,Paid
B0167,P0050,FL068,2024-09-26,192,Pending
B0168,P0022,FL069,2024-06-21,119,Pending
B0169,P0317,FL021,2024-03-07,64,Pending
B0170,P0335,FL013,2024-12-06,31,Cancelled
B0171,P0146,FL047,2024-04-10,190,Cancelled
B0172,P0368,FL020,2024-04-08,26,Paid
B0173,P0242,FL028,2024-03-31,110,Paid
B0174,P0085,FL010,2024-06-15,5,Pending
B0175,P0102,FL092,2024-10-10,27,Paid
B0176,P0185,FL011,2024-06-04,186,Pending
B0177,P0200,FL031,2024-02-09,181,Cancelled
B0178,P0359,FL055,2024-10-01,156,Paid
B0179,P0204,FL055,2024-09-06,88,Pending
B0180,P0221,FL022,2024-03-30,140,Pending
B0181,P0034,FL026,2024-04-29,21,Pending
B0182,P0105,FL036,2024-05-21,134,Paid
B0183,P0196,FL052,2024-04-14,159,Cancelled
B0184,P0463,FL045,2025-01-23,168,Paid
B0185,P0087,FL051,2024-11-19,99,Pending
B0186,P0151,FL064,2024-03-11,114,Pending
B0187,P0293,FL025,2024-02-23,130,Cancelled
B0188,P0048,FL098,2024-03-04,147,Paid
B0189,P0426,FL048,2024-09-20,130,Pending
B0190,P0266,FL009,2024-02-05,108,Cancelled
B0191,P0151,FL084,2024-12-08,89,Cancelled
B0192,P0477,FL082,2024-06-12,67,Pending
B0193,P0134,FL080,2024-03-09,166,Pending
B0194,P0261,FL100,2024-12-11,122,Paid
B0195,P0212,FL009,2024-06-09,98,Paid
B0196,P0116,FL067,2024-07-18,134,Paid
B0197,P0266,FL100,2024-06-29,168,Pending
B0198,P0333,FL004,2024-05-12,151,Pending
B0199,P0394,FL047,2024-11-14,38,Pending
B0200,P0335,FL063,2024-09-14,126,Paid
B0201,P0481,FL009,2024-09-10,126,Cancelled
B0202,P0451,FL094,2024-07-23,22,Paid
B0203,P0258,FL085,2024-03-10,91,Paid
B0204,P0225,FL060,2024-05-24,159,Paid
B0205,P0457,FL064,2024-06-09,30,Pending
B0206,P0235,FL052,2024-05-06,200,Paid
B0207,P0124,FL091,2024-04-08,154,Cancelled
B0208,P0483,FL017,2024-05-09,103,Pending
B0209,P0104,FL071,2024-04-28,41,Cancelled
B0210,P0318,FL031,2024-10-07,119,Paid
B0211,P0181,FL011,2024-07-03,36,Pending
B0212,P0175,FL048,2024-10-10,13,Paid
B0213,P0223,FL078,2024-04-08,195,Pending
B0214,P0092,FL045,2024-08-18,30,Paid
B0215,P0090,FL046,2024-07-29,57,Paid
B0216,P0053,FL076,2025-01-17,144,Paid
B0217,P0030,FL005,2024-04-27,129,Paid
B0218,P0208,FL072,2025-02-04,200,Pending
B0219,P0090,FL057,2024-10-16,60,Pending
B0220,P0236,FL027,2024-10-04,69,Cancelled
B0221,P0013,FL063,2024-04-04,79,Pending
B0222,P0230,FL085,2024-07-11,20,Cancelled
B0223,P0386,FL042,2024-11-17,185,Cancelled
B0224,P0460,FL063,2024-08-26,81,Paid
B0225,P0099,FL038,2024-02-18,54,Cancelled
B0226,P0310,FL052,2024-07-07,110,Pending
B0227,P0021,FL066,2024-02-15,148,Pending
B0228,P0034,FL050,2024-04-06,168,Paid
B0229,P0224,FL087,2024-07-13,146,Cancelled
B0230,P0340,FL031,2024-12-01,86,Paid
B0231,P0283,FL008,2024-08-23,36,Paid
B0232,P0421,FL039,2024-06-20,127,Paid
B0233,P0268,FL039,2024-12-08,166,Cancelled
B0234,P0294,FL064,2024-10-12,113,Paid
B0235,P0478,FL049,2024-09-08,157,Pending
B0236,P0006,FL093,2024-09-07,60,Cancelled
B0237,P0125,FL084,2024-02-07,182,Pending
B0238,P0008,FL089,2024-08-15,197,Pending
B0239,P0114,FL065,2024-11-06,34,Pending
B0240,P0024,FL024,2024-04-01,195,Cancelled
B0241,P0405,FL074,2024-03-23,87,Pending
B0242,P0082,FL040,2024-02-18,46,Cancelled
B0243,P0338,FL075,2024-12-05,191,Paid
B0244,P0178,FL019,2025-01-25,102,Paid
B0245,P0175,FL082,2024-08-24,143,Cancelled
B0246,P0241,FL009,2024-02-07,162,Pending
B0247,P0123,FL077,2024-10-31,86,Cancelled
B0248,P0337,FL038,2024-03-24,12,Paid
B0249,P0346,FL035,2024-05-15,101,Paid
B0250,P0319,FL062,2024-12-15,2,Paid
B0251,P0494,FL062,2024-07-19,152,Paid
B0252,P0495,FL040,2024-04-01,99,Paid
B0253,P0042,FL030,2024-02-13,188,Paid
B0254,P0259,FL086,2024-06-07,188,Cancelled
B0255,P0196,FL066,2024-12-06,164,Pending
B0256,P0219,FL041,2024-03-23,13,Paid
B0257,P0350,FL012,2024-06-17,38,Pending
B0258,P0010,FL018,2025-01-15,90,Pending
B0259,P0140,FL064,2025-01-02,59,Cancelled
B0260,P0335,FL063,2024-02-17,185,Cancelled
B0261,P0165,FL032,2024-06-08,57,Pending
B0262,P0293,FL063,2024-12-25,22,Pending
B0263,P0231,FL077,2024-03-13,12,Pending
B0264,P0395,FL091,2024-06-25,134,Pending
B0265,P0149,FL016,2024-10-24,104,Paid
B0266,P0153,FL003,2024-11-12,160,Paid
B0267,P0049,FL087,2024-11-18,35,Cancelled
B0268,P0437,FL093,2024-06-12,192,Pending
B0269,P0415,FL050,2024-03-22,198,Paid
B0270,P0178,FL066,2024-04-22,63,Cancelled
B0271,P0192,FL037,2024-04-14,41,Pending
B0272,P0174,FL051,2024-12-02,2,Pending
B0273,P0128,FL045,2024-08-21,178,Cancelled
B0274,P0195,FL057,2024-05-01,128,Paid
B0275,P0205,FL024,2024-08-02,78,Cancelled
B0276,P0111,FL097,2024-04-17,31,Paid
B0277,P0090,FL041,2024-06-17,131,Pending
B0278,P0023,FL070,2024-06-07,8,Paid
B0279,P0194,FL081,2024-08-28,132,Paid
B0280,P0164,FL094,2024-03-08,195,Paid
B0281,P0144,FL007,2024-02-05,149,Cancelled
B0282,P0393,FL060,2024-12-19,155,Cancelled
B0283,P0320,FL071,2024-08-15,153,Pending
B0284,P0209,FL080,2024-12-19,156,Pending
B0285,P0487,FL056,2024-11-01,121,Paid
B0286,P0104,FL078,2024-05-10,196,Cancelled
B0287,P0082,FL008,2024-07-15,187,Pending
B0288,P0498,FL030,2024-03-15,110,Cancelled
B0289,P0241,FL054,2024-05-07,159,Paid
B0290,P0447,FL087,2024-10-03,71,Pending
B0291,P0224,FL014,2024-09-18,95,Cancelled
B0292,P0417,FL040,2024-07-23,8,Cancelled
B0293,P0161,FL097,2024-12-18,93,Pending
B0294,P0332,FL079,2024-03-01,1,Pending
B0295,P0350,FL024,2024-04-08,6,Pending
B0296,P0034,FL028,2024-10-31,191,Pending
B0297,P0107,FL024,2024-11-30,179,Paid
B0298,P0090,FL095,2024-09-29,174,Paid
B0299,P0418,FL002,2024-04-17,129,Cancelled
B0300,P0472,FL077,2024-11-20,68,Cancelled
B0301,P0113,FL093,2024-12-28,2,Pending
B0302,P0299,FL002,2024-07-26,103,Cancelled
B0303,P0321,FL039,2024-08-31,112,Paid
B0304,P0173,FL098,2024-07-04,114,Cancelled
B0305,P0236,FL051,2024-08-07,49,Cancelled
B0306,P0348,FL005,2024-03-16,178,Paid
B0307,P0336,FL037,2024-10-04,76,Pending
B0308,P0241,FL025,2024-10-29,167,Cancelled
B0309,P0486,FL068,2024-09-29,155,Pending
B0310,P0297,FL014,2024-12-01,67,Pending
B0311,P0185,FL030,2024-08-06,7,Pending
B0312,P0305,FL047,2024-12-13,96,Pending
B0313,P0260,FL036,2024-11-04,170,Pending
B0314,P0174,FL063,2024-12-07,126,Paid
B0315,P0432,FL070,2024-07-18,105,Paid
B0316,P0224,FL099,2024-08-04,167,Pending
B0317,P0437,FL093,2024-10-27,97,Pending
B0318,P0496,FL099,2024-07-31,123,Cancelled
B0319,P0019,FL032,2025-01-31,36,Paid
B0320,P0422,FL080,2025-01-19,9,Paid
B0321,P0200,FL064,2024-02-10,45,Cancelled
B0322,P0346,FL033,2024-10-27,73,Pending
B0323,P0485,FL022,2024-09-21,69,Paid
B0324,P0482,FL043,2024-06-06,67,Paid
B0325,P0425,FL062,2024-10-10,160,Pending
B0326,P0336,FL004,2024-11-19,59,Paid
B0327,P0322,FL062,2024-06-21,67,Paid
B0328,P0281,FL078,2024-02-06,68,Cancelled
B0329,P0392,FL093,2024-08-25,137,Paid
B0330,P0462,FL015,2024-04-19,185,Pending
B0331,P0060,FL063,2024-08-29,146,Paid
B0332,P0428,FL032,2024-08-04,198,Cancelled
B0333,P0441,FL064,2024-02-07,144,Paid
B0334,P0408,FL001,2024-05-16,113,Paid
B0335,P0363,FL059,2024-06-01,78,Paid
B0336,P0379,FL063,2024-06-25,153,Cancelled
B0337,P0193,FL054,2024-06-01,16,Cancelled
B0338,P0421,FL038,2024-10-20,158,Cancelled
B0339,P0462,FL092,2024-06-10,33,Paid
B0340,P0280,FL046,2024-02-18,44,Cancelled
B0341,P0366,FL002,2024-07-16,85,Cancelled
B0342,P0458,FL056,2024-12-24,70,Cancelled
B0343,P0187,FL016,2024-02-25,87,Paid
B0344,P0373,FL058,2024-02-19,11,Cancelled
B0345,P0296,FL059,2024-11-07,30,Cancelled
B0346,P0059,FL029,2024-04-16,131,Cancelled
B0347,P0364,FL007,2024-07-28,96,Cancelled
B0348,P0475,FL037,2024-12-28,165,Cancelled
B0349,P0239,FL027,2024-11-14,65,Cancelled
B0350,P0177,FL085,2025-01-16,1,Pending
B0351,P0282,FL008,2025-01-21,40,Paid
B0352,P0248,FL093,2024-03-05,132,Cancelled
B0353,P0297,FL045,2025-01-18,63,Cancelled
B0354,P0067,FL074,2024-11-17,52,Cancelled
B0355,P0266,FL037,2024-07-07,192,Pending
B0356,P0254,FL021,2024-10-28,74,Cancelled
B0357,P0338,FL047,2024-07-04,87,Pending
B0358,P0017,FL096,2024-05-06,184,Cancelled
B0359,P0055,FL040,2024-06-06,10,Cancelled
B0360,P0074,FL084,2025-01-24,185,Cancelled
B0361,P0422,FL008,2024-10-27,180,Pending
B0362,P0058,FL008,2024-10-09,69,Cancelled
B0363,P0359,FL061,2024-02-20,134,Pending
B0364,P0321,FL033,2024-05-14,162,Cancelled
B0365,P0466,FL001,2024-02-05,186,Pending
B0366,P0445,FL010,2024-08-16,192,Paid
B0367,P0274,FL096,2024-07-03,37,Paid
B0368,P0310,FL061,2024-03-27,137,Pending
B0369,P0205,FL091,2024-10-15,120,Paid
B0370,P0329,FL047,2024-10-03,91,Pending
B0371,P0060,FL039,2024-05-06,180,Pending
B0372,P0284,FL037,2024-02-17,75,Pending
B0373,P0013,FL093,2024-09-06,69,Cancelled
B0374,P0211,FL047,2024-05-14,128,Cancelled
B0375,P0487,FL028,2024-04-26,15,Cancelled
B0376,P0370,FL094,2024-02-27,83,Cancelled
B0377,P0410,FL007,2024-07-14,196,Paid
B0378,P0141,FL100,2024-11-03,29,Pending
B0379,P0463,FL045,2024-12-27,24,Paid
B0380,P0178,FL049,2024-12-27,28,Pending
B0381,P0208,FL033,2024-10-15,39,Paid
B0382,P0434,FL019,2024-02-09,36,Cancelled
B0383,P0439,FL032,2024-02-16,4,Pending
B0384,P0245,FL021,2024-05-18,190,Pending
B0385,P0289,FL055,2024-11-27,46,Pending
B0386,P0323,FL058,2024-06-05,128,Pending
B0387,P0035,FL069,2024-06-11,169,Cancelled
B0388,P0444,FL048,2024-08-21,175,Pending
B0389,P0350,FL072,2024-03-03,139,Cancelled
B0390,P0282,FL059,2024-06-22,165,Cancelled
B0391,P0440,FL071,2024-02-17,48,Cancelled
B0392,P0382,FL064,2024-06-30,196,Paid
B0393,P0171,FL053,2024-12-29,81,Paid
B0394,P0279,FL066,2024-12-18,48,Paid
B0395,P0038,FL100,2025-01-30,96,Cancelled
B0396,P0422,FL089,2024-06-19,123,Cancelled
B0397,P0369,FL097,2024-05-01,185,Paid
B0398,P0297,FL073,2024-04-20,94,Pending
B0399,P0385,FL009,2024-10-24,66,Pending
B0400,P0352,FL058,2024-11-27,29,Paid
B0401,P0413,FL013,2024-07-13,15,Paid
B0402,P0381,FL029,2024-10-17,94,Cancelled
B0403,P0083,FL035,2024-08-10,169,Cancelled
B0404,P0389,FL070,2024-10-24,91,Paid
B0405,P0207,FL009,2024-12-24,150,Pending
B0406,P0149,FL029,2024-08-20,151,Paid
B0407,P0308,FL036,2024-04-04,190,Cancelled
B0408,P0348,FL055,2024-07-15,1,Cancelled
B0409,P0431,FL084,2024-03-10,25,Paid
B0410,P0048,FL010,2024-11-16,45,Cancelled
B0411,P0160,FL004,2024-04-10,168,Pending
B0412,P0432,FL046,2024-09-20,7,Paid
B0413,P0327,FL028,2024-10-24,162,Cancelled
B0414,P0304,FL070,2024-05-15,114,Cancelled
B0415,P0415,FL023,2024-12-16,34,Paid
B0416,P0041,FL049,2025-01-07,175,Cancelled
B0417,P0258,FL070,2024-07-27,51,Cancelled
B0418,P0403,FL043,2024-02-29,90,Cancelled
B0419,P0204,FL046,2024-08-14,158,Cancelled
B0420,P0256,FL001,2024-02-18,71,Paid
B0421,P0059,FL068,2025-01-23,77,Paid
B0422,P0186,FL065,2024-02-14,152,Paid
B0423,P0141,FL100,2024-11-13,171,Cancelled
B0424,P0175,FL025,2024-06-20,86,Cancelled
B0425,P0093,FL098,2024-08-07,93,Paid
B0426,P0390,FL047,2024-09-10,24,Pending
B0427,P0177,FL040,2024-03-21,155,Paid
B0428,P0231,FL087,2024-09-04,35,Cancelled
B0429,P0263,FL046,2024-02-17,151,Paid
B0430,P0076,FL093,2024-06-22,21,Pending
B0431,P0230,FL095,2024-07-19,73,Pending
B0432,P0249,FL093,2024-03-11,105,Cancelled
B0433,P0162,FL031,2024-06-16,133,Paid
B0434,P0095,FL051,2024-03-14,96,Cancelled
B0435,P0385,FL018,2024-03-29,142,Cancelled
B0436,P0436,FL065,2024-05-21,35,Paid
B0437,P0118,FL025,2024-10-15,36,Pending
B0438,P0053,FL014,2024-04-08,79,Cancelled
B0439,P0176,FL023,2024-05-20,177,Paid
B0440,P0494,FL006,2025-01-02,122,Cancelled
B0441,P0474,FL068,2024-07-14,15,Pending
B0442,P0458,FL041,2024-09-08,174,Paid
B0443,P0286,FL068,2024-07-06,136,Paid
B0444,P0217,FL013,2024-08-02,72,Paid
B0445,P0200,FL083,2024-06-20,102,Cancelled
B0446,P0154,FL001,2024-03-24,76,Cancelled
B0447,P0220,FL055,2024-04-19,25,Pending
B0448,P0236,FL039,2024-12-29,170,Pending
B0449,P0397,FL090,2024-06-13,154,Cancelled
B0450,P0073,FL083,2024-07-31,99,Paid
B0451,P0344,FL026,2024-06-23,185,Paid
B0452,P0083,FL037,2024-10-30,51,Cancelled
B0453,P0428,FL067,2024-11-06,63,Cancelled
B0454,P0358,FL051,2024-02-15,126,Paid
B0455,P0225,FL050,2024-12-17,108,Paid
B0456,P0325,FL016,2024-09-14,173,Paid
B0457,P0045,FL063,2024-07-15,15,Pending
B0458,P0041,FL014,2024-11-12,189,Cancelled
B0459,P0412,FL019,2024-09-09,129,Paid
B0460,P0371,FL097,2024-02-13,154,Cancelled
B0461,P0211,FL063,2024-05-21,106,Pending
B0462,P0266,FL040,2024-08-07,23,Cancelled
B0463,P0386,FL040,2025-01-06,113,Paid
B0464,P0028,FL094,2024-12-27,63,Cancelled
B0465,P0121,FL086,2024-03-02,29,Cancelled
B0466,P0189,FL068,2024-09-24,34,Cancelled
B0467,P0419,FL006,2024-07-02,48,Paid
B0468,P0389,FL063,2024-08-13,141,Paid
B0469,P0481,FL018,2025-01-23,188,Cancelled
B0470,P0207,FL061,2024-11-12,200,Cancelled
B0471,P0259,FL015,2024-02-24,151,Paid
B0472,P0084,FL009,2024-11-24,182,Pending
B0473,P0085,FL086,2024-11-08,167,Cancelled
B0474,P0032,FL063,2024-08-11,196,Paid
B0475,P0339,FL093,2025-01-23,85,Cancelled
B0476,P0295,FL031,2025-01-11,158,Cancelled
B0477,P0089,FL097,2024-06-22,76,Paid
B0478,P0231,FL070,2024-05-04,36,Pending
B0479,P0385,FL095,2024-08-11,57,Paid
B0480,P0402,FL001,2024-08-31,65,Cancelled
B0481,P0192,FL017,2024-11-24,40,Pending
B0482,P0346,FL039,2024-10-27,72,Cancelled
B0483,P0165,FL086,2024-09-08,90,Paid
B0484,P0212,FL083,2024-05-29,196,Pending
B0485,P0380,FL059,2024-02-15,137,Paid
B0486,P0092,FL081,2025-01-31,131,Paid
B0487,P0002,FL027,2024-09-03,157,Paid
B0488,P0390,FL038,2024-09-19,74,Paid
B0489,P0134,FL090,2024-09-02,114,Pending
B0490,P0199,FL009,2024-02-08,44,Paid
B0491,P0006,FL060,2024-10-05,133,Paid
B0492,P0315,FL047,2024-03-09,161,Pending
B0493,P0293,FL078,2024-10-28,53,Cancelled
B0494,P0052,FL036,2024-06-06,108,Cancelled
B0495,P0235,FL071,2024-10-31,193,Pending
B0496,P0032,FL072,2024-10-24,136,Paid
B0497,P0416,FL038,2024-04-14,4,Cancelled
B0498,P0053,FL039,2024-08-21,2,Cancelled
B0499,P0075,FL015,2024-09-15,52,Paid
B0500,P0479,FL030,2024-06-16,74,Paid
B0501,P0119,FL074,2024-05-26,181,Paid
B0502,P0073,FL081,2024-09-26,122,Cancelled
B0503,P0010,FL093,2024-03-25,96,Cancelled
B0504,P0198,FL033,2024-07-19,91,Cancelled
B0505,P0039,FL045,2024-12-21,182,Paid
B0506,P0159,FL078,2024-11-26,101,Pending
B0507,P0399,FL078,2024-04-09,81,Cancelled
B0508,P0338,FL023,2024-04-28,102,Cancelled
B0509,P0019,FL006,2024-04-12,45,Paid
B0510,P0180,FL017,2024-05-01,65,Pending
B0511,P0129,FL052,2024-05-19,140,Paid
B0512,P0409,FL087,2024-09-13,8,Cancelled
B0513,P0406,FL013,2024-04-14,180,Pending
B0514,P0227,FL033,2024-08-06,101,Pending
B0515,P0143,FL090,2024-10-29,78,Pending
B0516,P0066,FL035,2024-10-26,67,Pending
B0517,P0481,FL065,2024-05-20,77,Pending
B0518,P0336,FL008,2025-01-12,68,Cancelled
B0519,P0196,FL019,2024-03-29,81,Paid
B0520,P0126,FL033,2025-01-26,101,Cancelled
B0521,P0220,FL086,2024-09-16,120,Pending
B0522,P0433,FL002,2025-01-04,105,Pending
B0523,P0445,FL069,2024-05-26,1,Pending
B0524,P0279,FL024,2024-06-26,192,Cancelled
B0525,P0349,FL004,2024-06-18,185,Cancelled
B0526,P0441,FL023,2024-10-13,43,Pending
B0527,P0444,FL084,2024-08-27,154,Cancelled
B0528,P0209,FL015,2024-10-20,86,Cancelled
B0529,P0357,FL098,2024-06-01,32,Cancelled
B0530,P0339,FL078,2024-07-22,72,Paid
B0531,P0027,FL091,2025-01-03,124,Pending
B0532,P0074,FL008,2024-08-12,56,Cancelled
B0533,P0064,FL047,2024-05-24,185,Paid
B0534,P0498,FL063,2025-01-24,10,Cancelled
B0535,P0258,FL003,2024-10-29,93,Cancelled
B0536,P0188,FL099,2024-02-06,164,Pending
B0537,P0407,FL084,2024-06-16,75,Cancelled
B0538,P0144,FL073,2024-04-30,158,Pending
B0539,P0303,FL044,2024-07-10,145,Pending
B0540,P0007,FL018,2024-10-17,14,Cancelled
B0541,P0395,FL099,2024-03-21,71,Cancelled
B0542,P0353,FL003,2024-07-18,114,Pending
B0543,P0471,FL061,2024-04-04,10,Pending
B0544,P0366,FL033,2024-07-27,152,Cancelled
B0545,P0417,FL007,2024-09-08,102,Paid
B0546,P0048,FL037,2024-02-27,109,Paid
B0547,P0315,FL033,2024-11-21,38,Cancelled
B0548,P0308,FL089,2024-07-02,31,Cancelled
B0549,P0198,FL081,2024-02-11,177,Cancelled
B0550,P0454,FL029,2024-09-26,100,Pending
B0551,P0022,FL045,2024-03-09,71,Cancelled
B0552,P0245,FL033,2024-04-09,151,Cancelled
B0553,P0431,FL077,2024-04-23,147,Cancelled
B0554,P0305,FL068,2024-09-26,95,Pending
B0555,P0044,FL013,2024-07-29,6,Pending
B0556,P0063,FL099,2024-06-20,192,Pending
B0557,P0025,FL073,2024-09-22,145,Cancelled
B0558,P0454,FL064,2024-03-26,188,Pending
B0559,P0271,FL036,2024-08-19,46,Pending
B0560,P0286,FL030,2024-07-15,40,Paid
B0561,P0385,FL050,2024-04-14,164,Cancelled
B0562,P0337,FL095,2024-05-18,169,Cancelled
B0563,P0096,FL037,2025-01-24,177,Pending
B0564,P0126,FL042,2024-05-24,38,Pending
B0565,P0082,FL043,2025-01-01,36,Pending
B0566,P0038,FL090,2024-12-20,199,Cancelled
B0567,P0151,FL075,2024-09-24,30,Cancelled
B0568,P0360,FL024,2024-04-19,193,Cancelled
B0569,P0315,FL048,2024-12-07,73,Cancelled
B0570,P0201,FL070,2024-03-14,70,Paid
B0571,P0456,FL006,2024-09-25,118,Pending
B0572,P0022,FL091,2024-05-04,15,Cancelled
B0573,P0408,FL035,2024-11-07,142,Cancelled
B0574,P0017,FL092,2024-11-08,183,Paid
B0575,P0339,FL032,2024-10-19,69,Cancelled
B0576,P0141,FL062,2025-01-08,46,Pending
B0577,P0153,FL093,2024-03-19,39,Paid
B0578,P0345,FL058,2024-03-29,150,Cancelled
B0579,P0436,FL052,2024-09-05,185,Paid
B0580,P0375,FL068,2024-12-19,21,Paid
B0581,P0118,FL050,2024-05-31,181,Cancelled
B0582,P0327,FL019,2024-02-06,114,Paid
B0583,P0055,FL081,2025-01-09,70,Pending
B0584,P0357,FL063,2024-05-25,82,Pending
B0585,P0268,FL031,2024-07-04,168,Cancelled
B0586,P0424,FL090,2024-03-31,189,Paid
B0587,P0241,FL053,2024-04-17,50,Paid
B0588,P0469,FL003,2024-03-07,167,Paid
B0589,P0339,FL033,2024-06-10,116,Pending
B0590,P0099,FL068,2024-10-26,47,Cancelled
B0591,P0013,FL042,2024-03-28,122,Cancelled
B0592,P0500,FL083,2024-12-22,169,Pending
B0593,P0156,FL060,2024-03-07,143,Cancelled
B0594,P0271,FL057,2024-12-07,3,Paid
B0595,P0217,FL069,2024-10-25,170,Paid
B0596,P0363,FL095,2024-04-30,197,Pending
B0597,P0428,FL088,2024-08-08,182,Pending
B0598,P0487,FL015,2024-08-25,115,Pending
B0599,P0341,FL031,2024-06-22,61,Paid
B0600,P0024,FL031,2024-07-29,108,Cancelled
B0601,P0423,FL034,2024-02-28,119,Paid
B0602,P0355,FL097,2024-11-23,170,Cancelled
B0603,P0303,FL084,2024-11-10,166,Paid
B0604,P0286,FL047,2024-09-30,29,Pending
B0605,P0004,FL052,2024-12-21,130,Paid
B0606,P0136,FL048,2024-05-22,93,Cancelled
B0607,P0044,FL006,2024-10-30,199,Paid
B0608,P0262,FL068,2024-08-21,174,Cancelled
B0609,P0425,FL057,2024-04-13,24,Cancelled
B0610,P0169,FL044,2024-02-06,82,Cancelled
B0611,P0040,FL079,2024-09-11,190,Cancelled
B0612,P0306,FL069,2024-05-29,60,Pending
B0613,P0144,FL012,2024-09-27,200,Cancelled
B0614,P0161,FL019,2024-12-14,2,Cancelled
B0615,P0368,FL029,2024-08-05,159,Pending
B0616,P0280,FL098,2024-12-15,4,Paid
B0617,P0374,FL027,2025-01-02,36,Paid
B0618,P0476,FL008,2024-04-05,86,Cancelled
B0619,P0406,FL045,2025-01-02,104,Cancelled
B0620,P0201,FL012,2024-10-01,100,Cancelled
B0621,P0114,FL008,2024-09-08,88,Cancelled
B0622,P0203,FL032,2024-03-08,7,Paid
B0623,P0287,FL047,2024-10-17,105,Pending
B0624,P0301,FL074,2024-05-20,185,Pending
B0625,P0246,FL066,2024-05-01,132,Paid
B0626,P0413,FL084,2024-03-09,164,Cancelled
B0627,P0153,FL019,2024-05-08,26,Pending
B0628,P0059,FL092,2024-05-25,191,Paid
B0629,P0135,FL094,2024-10-29,87,Cancelled
B0630,P0399,FL074,2024-04-07,59,Paid
B0631,P0499,FL061,2024-02-05,194,Cancelled
B0632,P0343,FL082,2025-01-13,43,Paid
B0633,P0417,FL048,2024-02-13,40,Cancelled
B0634,P0318,FL063,2024-06-08,99,Paid
B0635,P0333,FL062,2024-10-31,7,Paid
B0636,P0287,FL044,2024-08-30,161,Paid
B0637,P0079,FL046,2024-10-20,59,Pending
B0638,P0346,FL054,2024-11-09,68,Paid
B0639,P0486,FL019,2024-09-16,138,Paid
B0640,P0247,FL058,2024-07-20,77,Pending
B0641,P0271,FL002,2024-08-02,36,Pending
B0642,P0331,FL002,2024-09-27,91,Paid
B0643,P0347,FL043,2024-04-12,89,Paid
B0644,P0251,FL038,2025-01-31,151,Cancelled
B0645,P0239,FL016,2024-09-10,129,Cancelled
B0646,P0256,FL048,2024-03-30,110,Pending
B0647,P0075,FL071,2024-12-18,69,Pending
B0648,P0422,FL078,2024-05-17,163,Cancelled
B0649,P0116,FL081,2024-07-02,24,Pending
B0650,P0247,FL098,2024-08-28,124,Pending
B0651,P0059,FL031,2024-11-17,111,Cancelled
B0652,P0066,FL079,2024-03-26,178,Pending
B0653,P0048,FL069,2024-10-12,54,Cancelled
B0654,P0233,FL043,2024-03-08,75,Paid
B0655,P0459,FL020,2024-03-09,181,Cancelled
B0656,P0138,FL027,2024-06-14,194,Cancelled
B0657,P0131,FL032,2024-04-04,119,Paid
B0658,P0183,FL020,2024-05-26,72,Paid
B0659,P0384,FL049,2024-11-05,169,Pending
B0660,P0076,FL020,2024-03-03,50,Cancelled
B0661,P0492,FL099,2024-09-04,13,Pending
B0662,P0268,FL030,2024-08-30,136,Paid
B0663,P0089,FL099,2025-01-20,43,Cancelled
B0664,P0450,FL049,2024-06-08,173,Paid
B0665,P0268,FL047,2024-06-19,155,Pending
B0666,P0278,FL078,2024-10-29,64,Cancelled
B0667,P0398,FL090,2024-05-17,105,Cancelled
B0668,P0132,FL099,2024-02-20,131,Pending
B0669,P0458,FL080,2024-02-19,29,Pending
B0670,P0474,FL064,2024-11-06,94,Pending
B0671,P0091,FL006,2024-11-26,112,Cancelled
B0672,P0182,FL083,2024-04-29,21,Cancelled
B0673,P0350,FL004,2024-06-03,188,Cancelled
B0674,P0214,FL044,2024-03-11,148,Pending
B0675,P0247,FL043,2024-02-23,82,Paid
B0676,P0309,FL011,2024-08-26,98,Paid
B0677,P0286,FL009,2024-03-21,46,Pending
B0678,P0114,FL098,2024-10-15,183,Paid
B0679,P0428,FL043,2024-08-27,185,Pending
B0680,P0135,FL009,2024-07-07,72,Cancelled
B0681,P0273,FL096,2024-03-03,17,Pending
B0682,P0091,FL085,2024-11-18,38,Paid
B0683,P0464,FL030,2024-04-11,137,Paid
B0684,P0086,FL059,2024-09-19,115,Pending
B0685,P0254,FL096,2024-10-13,95,Cancelled
B0686,P0300,FL094,2024-11-29,99,Cancelled
B0687,P0335,FL100,2024-03-09,74,Pending
B0688,P0207,FL074,2024-12-17,70,Cancelled
B0689,P0192,FL009,2024-09-22,138,Paid
B0690,P0389,FL019,2024-12-08,137,Paid
B0691,P0466,FL089,2024-12-22,62,Pending
B0692,P0356,FL096,2024-03-23,60,Paid
B0693,P0369,FL053,2024-12-27,168,Cancelled
B0694,P0338,FL042,2024-05-20,168,Paid
B0695,P0400,FL058,2024-12-10,16,Pending
B0696,P0002,FL068,2024-03-07,67,Pending
B0697,P0025,FL044,2024-11-01,70,Cancelled
B0698,P0136,FL026,2024-07-03,75,Cancelled
B0699,P0237,FL067,2024-07-23,168,Pending
B0700,P0282,FL011,2024-08-20,46,Paid
B0701,P0337,FL031,2024-04-08,101,Pending
B0702,P0146,FL070,2024-02-27,4,Cancelled
B0703,P0228,FL079,2024-04-26,106,Paid
B0704,P0095,FL011,2024-08-25,82,Cancelled
B0705,P0115,FL007,2024-02-23,193,Pending
B0706,P0191,FL027,2024-06-07,26,Paid
B0707,P0211,FL064,2024-04-01,5,Cancelled
B0708,P0315,FL056,2024-11-14,195,Pending
B0709,P0479,FL082,2024-09-29,189,Pending
B0710,P0047,FL078,2024-10-13,39,Paid
B0711,P0075,FL006,2024-10-11,182,Pending
B0712,P0172,FL053,2024-02-09,145,Paid
B0713,P0421,FL028,2024-04-22,171,Paid
B0714,P0360,FL040,2024-10-09,139,Paid
B0715,P0245,FL018,2024-06-22,197,Pending
B0716,P0420,FL007,2024-08-06,160,Pending
B0717,P0194,FL037,2024-03-18,196,Cancelled
B0718,P0237,FL003,2024-04-04,106,Pending
B0719,P0097,FL087,2024-12-08,25,Cancelled
B0720,P0495,FL012,2024-03-29,136,Cancelled
B0721,P0048,FL063,2024-04-08,194,Pending
B0722,P0142,FL032,2024-05-01,50,Paid
B0723,P0105,FL047,2024-07-13,136,Cancelled
B0724,P0344,FL026,2024-05-21,176,Cancelled
B0725,P0196,FL029,2024-03-04,162,Cancelled
B0726,P0301,FL009,2024-04-06,56,Cancelled
B0727,P0191,FL020,2024-12-12,120,Paid
B0728,P0014,FL070,2025-01-12,22,Cancelled
B0729,P0272,FL045,2024-05-31,168,Cancelled
B0730,P0166,FL089,2024-09-09,64,Paid
B0731,P0411,FL004,2024-04-20,8,Pending
B0732,P0124,FL037,2024-11-11,166,Cancelled
B0733,P0206,FL005,2024-12-31,147,Pending
B0734,P0126,FL039,2024-11-02,73,Paid
B0735,P0061,FL061,2024-03-19,119,Cancelled
B0736,P0480,FL032,2024-02-28,65,Cancelled
B0737,P0356,FL001,2024-04-20,188,Cancelled
B0738,P0147,FL082,2024-12-04,3,Pending
B0739,P0278,FL006,2024-10-12,130,Pending
B0740,P0418,FL038,2024-06-13,43,Paid
B0741,P0233,FL080,2024-04-02,130,Cancelled
B0742,P0329,FL072,2024-12-02,12,Pending
B0743,P0316,FL025,2024-04-25,152,Paid
B0744,P0064,FL029,2024-12-23,39,Cancelled
B0745,P0126,FL074,2024-06-18,20,Pending
B0746,P0152,FL099,2024-06-26,128,Cancelled
B0747,P0412,FL099,2024-05-20,30,Paid
B0748,P0241,FL043,2024-11-11,103,Paid
B0749,P0500,FL028,2024-10-29,16,Pending
B0750,P0426,FL003,2024-09-19,96,Paid
B0751,P0054,FL084,2025-01-02,152,Pending
B0752,P0172,FL035,2024-02-16,39,Pending
B0753,P0281,FL052,2024-03-15,188,Paid
B0754,P0254,FL100,2024-04-29,122,Pending
B0755,P0382,FL097,2024-06-11,42,Cancelled
B0756,P0099,FL085,2024-12-10,14,Cancelled
B0757,P0463,FL037,2024-08-13,166,Pending
B0758,P0285,FL044,2024-03-18,123,Paid
B0759,P0073,FL100,2024-12-13,164,Cancelled
B0760,P0037,FL018,2024-05-16,71,Paid
B0761,P0358,FL039,2024-12-25,183,Paid
B0762,P0411,FL022,2024-10-24,41,Cancelled
B0763,P0432,FL025,2024-11-28,76,Cancelled
B0764,P0471,FL055,2024-09-12,79,Cancelled
B0765,P0029,FL047,2024-07-26,61,Pending
B0766,P0048,FL065,2024-02-22,60,Paid
B0767,P0238,FL073,2024-03-28,147,Pending
B0768,P0174,FL064,2024-08-29,200,Paid
B0769,P0232,FL009,2024-10-24,61,Pending
B0770,P0118,FL015,2024-11-23,175,Pending
B0771,P0470,FL081,2024-08-28,12,Paid
B0772,P0424,FL024,2024-05-12,2,Cancelled
B0773,P0353,FL028,2024-12-21,145,Pending
B0774,P0480,FL077,2024-03-29,96,Pending
B0775,P0167,FL063,2024-10-23,52,Paid
B0776,P0245,FL025,2024-06-02,143,Pending
B0777,P0012,FL013,2024-03-12,180,Cancelled
B0778,P0447,FL035,2025-01-06,131,Pending
B0779,P0085,FL024,2024-09-01,23,Pending
B0780,P0212,FL015,2024-11-28,14,Pending
B0781,P0225,FL032,2024-07-09,105,Pending
B0782,P0125,FL037,2024-04-27,146,Pending
B0783,P0358,FL011,2024-10-16,184,Pending
B0784,P0148,FL009,2025-01-21,58,Paid
B0785,P0481,FL047,2024-10-01,1,Paid
B0786,P0030,FL025,2024-04-16,95,Paid
B0787,P0345,FL013,2024-10-02,105,Paid
B0788,P0454,FL032,2024-03-22,36,Paid
B0789,P0469,FL064,2025-01-26,78,Paid
B0790,P0170,FL077,2024-02-12,20,Paid
B0791,P0269,FL079,2024-07-01,162,Cancelled
B0792,P0069,FL096,2024-05-19,130,Pending
B0793,P0438,FL041,2024-10-26,95,Paid
B0794,P0349,FL037,2024-08-20,53,Cancelled
B0795,P0269,FL006,2024-07-10,87,Paid
B0796,P0330,FL019,2024-12-29,98,Pending
B0797,P0059,FL058,2024-09-27,96,Pending
B0798,P0396,FL014,2024-11-27,53,Paid
B0799,P0390,FL072,2024-12-24,100,Cancelled
B0800,P0113,FL083,2024-09-06,141,Pending
B0801,P0368,FL083,2024-04-26,8,Cancelled
B0802,P0406,FL023,2024-03-10,117,Paid
B0803,P0266,FL041,2024-04-09,124,Pending
B0804,P0361,FL042,2024-10-19,187,Cancelled
B0805,P0368,FL090,2024-02-18,122,Cancelled
B0806,P0213,FL040,2024-07-04,30,Pending
B0807,P0097,FL023,2024-10-02,152,Paid
B0808,P0100,FL022,2025-01-04,106,Pending
B0809,P0463,FL044,2024-07-17,100,Paid
B0810,P0323,FL082,2024-08-12,195,Paid
B0811,P0057,FL031,2024-09-01,62,Cancelled
B0812,P0243,FL005,2024-05-12,12,Paid
B0813,P0230,FL030,2025-01-21,16,Cancelled
B0814,P0480,FL096,2024-04-08,112,Paid
B0815,P0226,FL010,2024-09-29,16,Pending
B0816,P0424,FL021,2025-02-03,101,Cancelled
B0817,P0068,FL056,2024-03-12,195,Paid
B0818,P0376,FL090,2024-06-12,133,Paid
B0819,P0196,FL100,2024-11-20,176,Pending
B0820,P0431,FL016,2024-02-24,30,Pending
B0821,P0268,FL010,2024-03-20,101,Pending
B0822,P0121,FL067,2024-11-09,41,Paid
B0823,P0150,FL036,2024-10-22,198,Pending
B0824,P0342,FL050,2024-06-30,109,Pending
B0825,P0259,FL014,2024-06-03,166,Cancelled
B0826,P0420,FL004,2024-12-15,3,Pending
B0827,P0247,FL039,2024-11-18,75,Cancelled
B0828,P0185,FL094,2024-08-28,131,Pending
B0829,P0441,FL047,2025-01-02,171,Pending
B0830,P0184,FL023,2025-01-19,83,Pending
B0831,P0479,FL004,2024-09-25,48,Cancelled
B0832,P0378,FL082,2024-05-07,170,Paid
B0833,P0257,FL048,2024-11-13,103,Cancelled
B0834,P0323,FL008,2024-08-24,30,Cancelled
B0835,P0234,FL040,2025-01-14,77,Paid
B0836,P0395,FL008,2024-06-11,173,Cancelled
B0837,P0190,FL043,2024-10-06,104,Cancelled
B0838,P0465,FL040,2024-05-07,136,Pending
B0839,P0295,FL024,2025-02-01,42,Pending
B0840,P0373,FL010,2024-06-21,1,Cancelled
B0841,P0375,FL097,2024-04-18,120,Paid
B0842,P0026,FL074,2024-12-11,195,Cancelled
B0843,P0198,FL070,2024-10-25,64,Paid
B0844,P0157,FL058,2024-04-05,24,Pending
B0845,P0452,FL030,2024-10-14,108,Cancelled
B0846,P0016,FL100,2024-11-03,190,Paid
B0847,P0468,FL057,2024-03-09,107,Cancelled
B0848,P0475,FL093,2024-03-07,189,Pending
B0849,P0345,FL009,2025-01-10,86,Paid
B0850,P0037,FL087,2024-11-13,39,Cancelled
B0851,P0059,FL082,2024-08-01,49,Paid
B0852,P0452,FL028,2024-10-22,188,Pending
B0853,P0252,FL034,2024-04-28,178,Cancelled
B0854,P0213,FL067,2024-06-29,83,Paid
B0855,P0080,FL081,2025-01-11,140,Cancelled
B0856,P0010,FL093,2025-01-01,59,Pending
B0857,P0049,FL014,2024-09-25,5,Cancelled
B0858,P0094,FL096,2024-06-04,6,Paid
B0859,P0028,FL069,2024-04-17,158,Pending
B0860,P0403,FL091,2024-11-27,62,Pending
B0861,P0204,FL080,2024-04-30,40,Pending
B0862,P0430,FL064,2025-02-01,171,Cancelled
B0863,P0085,FL050,2024-05-07,160,Pending
B0864,P0041,FL013,2024-08-21,64,Pending
B0865,P0204,FL003,2024-06-17,4,Paid
B0866,P0499,FL052,2024-10-08,55,Cancelled
B0867,P0423,FL083,2024-11-15,140,Paid
B0868,P0136,FL032,2024-03-12,47,Paid
B0869,P0159,FL003,2024-11-22,147,Paid
B0870,P0052,FL048,2024-06-15,49,Cancelled
B0871,P0364,FL005,2024-06-01,162,Paid
B0872,P0212,FL024,2024-09-22,43,Cancelled
B0873,P0396,FL098,2024-05-24,83,Paid
B0874,P0310,FL030,2025-01-13,198,Paid
B0875,P0050,FL100,2024-07-14,1,Paid
B0876,P0039,FL010,2024-11-01,154,Pending
B0877,P0469,FL005,2024-02-14,123,Paid
B0878,P0431,FL010,2024-07-21,66,Paid
B0879,P0124,FL034,2024-09-16,194,Paid
B0880,P0442,FL088,2024-04-24,189,Pending
B0881,P0219,FL019,2024-07-17,18,Cancelled
B0882,P0058,FL049,2024-12-21,181,Cancelled
B0883,P0302,FL044,2024-11-25,181,Paid
B0884,P0111,FL065,2024-11-20,21,Pending
B0885,P0265,FL081,2024-10-09,180,Cancelled
B0886,P0107,FL092,2024-09-10,73,Paid
B0887,P0219,FL054,2024-12-16,102,Cancelled
B0888,P0173,FL093,2024-12-25,152,Paid
B0889,P0325,FL063,2024-11-30,147,Cancelled
B0890,P0324,FL028,2024-03-27,179,Pending
B0891,P0491,FL008,2024-06-12,163,Pending
B0892,P0338,FL006,2024-05-05,172,Paid
B0893,P0249,FL092,2024-05-04,170,Pending
B0894,P0219,FL014,2024-06-08,3,Pending
B0895,P0150,FL019,2024-10-26,62,Pending
B0896,P0002,FL008,2024-03-31,91,Cancelled
B0897,P0140,FL026,2024-07-14,12,Cancelled
B0898,P0071,FL056,2025-01-23,113,Paid
B0899,P0485,FL030,2024-06-23,160,Pending
B0900,P0138,FL040,2024-10-08,46,Cancelled
B0901,P0289,FL005,2025-01-15,162,Cancelled
B0902,P0292,FL037,2024-05-20,190,Paid
B0903,P0093,FL085,2024-10-25,165,Paid
B0904,P0069,FL070,2025-01-04,188,Paid
B0905,P0220,FL034,2024-04-15,87,Paid
B0906,P0026,FL100,2024-08-31,21,Paid
B0907,P0007,FL002,2025-01-28,19,Cancelled
B0908,P0031,FL060,2024-04-12,101,Paid
B0909,P0225,FL043,2024-05-08,124,Pending
B0910,P0475,FL002,2024-10-24,144,Paid
B0911,P0231,FL092,2024-06-07,195,Pending
B0912,P0238,FL048,2024-11-22,118,Pending
B0913,P0125,FL093,2024-08-14,175,Cancelled
B0914,P0456,FL060,2024-07-19,79,Cancelled
B0915,P0448,FL087,2024-07-16,49,Cancelled
B0916,P0401,FL090,2024-07-17,90,Paid
B0917,P0181,FL093,2024-09-19,90,Paid
B0918,P0334,FL066,2024-07-28,198,Pending
B0919,P0500,FL050,2024-08-12,4,Pending
B0920,P0196,FL008,2024-11-13,27,Pending
B0921,P0004,FL040,2024-10-25,17,Pending
B0922,P0245,FL059,2024-07-20,18,Pending
B0923,P0380,FL025,2024-10-08,61,Pending
B0924,P0317,FL094,2024-10-14,135,Cancelled
B0925,P0162,FL007,2024-06-20,29,Paid
B0926,P0202,FL033,2024-06-06,36,Cancelled
B0927,P0146,FL037,2024-05-15,34,Cancelled
B0928,P0174,FL012,2024-11-18,55,Cancelled
B0929,P0232,FL044,2024-05-03,178,Paid
B0930,P0091,FL077,2024-02-10,55,Paid
B0931,P0159,FL095,2024-10-14,31,Cancelled
B0932,P0154,FL072,2024-09-19,46,Cancelled
B0933,P0200,FL013,2024-06-04,34,Paid
B0934,P0484,FL098,2024-04-29,187,Paid
B0935,P0395,FL042,2024-05-16,135,Cancelled
B0936,P0273,FL074,2024-05-16,176,Paid
B0937,P0339,FL026,2024-06-06,172,Pending
B0938,P0175,FL050,2024-02-16,183,Paid
B0939,P0308,FL001,2024-06-10,46,Pending
B0940,P0155,FL085,2024-08-14,146,Cancelled
B0941,P0251,FL055,2024-07-16,59,Pending
B0942,P0065,FL065,2024-09-30,55,Paid
B0943,P0281,FL069,2024-03-27,162,Paid
B0944,P0443,FL084,2024-11-21,96,Pending
B0945,P0062,FL036,2024-05-13,132,Paid
B0946,P0270,FL049,2024-09-23,25,Paid
B0947,P0224,FL046,2024-09-24,45,Cancelled
B0948,P0490,FL093,2024-11-01,67,Paid
B0949,P0421,FL062,2024-02-15,199,Pending
B0950,P0175,FL039,2024-11-18,166,Cancelled
B0951,P0375,FL062,2024-10-27,45,Paid
B0952,P0079,FL056,2024-08-03,58,Cancelled
B0953,P0023,FL083,2024-12-15,51,Cancelled
B0954,P0002,FL031,2024-06-23,58,Pending
B0955,P0344,FL020,2024-11-14,36,Pending
B0956,P0033,FL033,2024-03-29,60,Paid
B0957,P0353,FL007,2024-09-06,45,Pending
B0958,P0387,FL063,2024-12-06,172,Cancelled
B0959,P0470,FL003,2024-04-22,25,Paid
B0960,P0220,FL067,2024-05-29,127,Pending
B0961,P0203,FL096,2024-08-17,99,Pending
B0962,P0047,FL028,2024-12-15,63,Pending
B0963,P0117,FL014,2024-07-11,50,Pending
B0964,P0251,FL034,2024-02-06,71,Cancelled
B0965,P0191,FL078,2024-08-05,84,Paid
B0966,P0329,FL030,2024-10-10,30,Cancelled
B0967,P0196,FL065,2024-03-13,53,Paid
B0968,P0126,FL071,2024-06-23,54,Pending
B0969,P0113,FL097,2024-11-12,111,Paid
B0970,P0374,FL063,2024-06-19,193,Paid
B0971,P0287,FL050,2024-12-03,127,Pending
B0972,P0217,FL032,2024-04-03,188,Cancelled
B0973,P0136,FL030,2024-12-30,102,Cancelled
B0974,P0460,FL059,2024-12-12,179,Cancelled
B0975,P0401,FL077,2024-02-12,83,Pending
B0976,P0342,FL069,2024-08-20,139,Pending
B0977,P0358,FL079,2024-02-09,6,Pending
B0978,P0342,FL040,2024-03-15,167,Pending
B0979,P0476,FL098,2025-01-28,27,Pending
B0980,P0094,FL058,2024-12-31,39,Paid
B0981,P0409,FL017,2024-11-23,71,Pending
B0982,P0395,FL052,2024-11-05,139,Pending
B0983,P0308,FL058,2024-02-10,56,Paid
B0984,P0182,FL094,2024-06-17,109,Pending
B0985,P0442,FL072,2024-10-23,49,Pending
B0986,P0442,FL029,2024-11-08,200,Pending
B0987,P0449,FL099,2025-01-15,122,Pending
B0988,P0061,FL026,2025-01-01,119,Pending
B0989,P0044,FL086,2024-04-17,26,Paid
B0990,P0440,FL033,2024-04-14,44,Paid
B0991,P0025,FL036,2024-06-07,95,Pending
B0992,P0146,FL076,2024-06-04,58,Cancelled
B0993,P0231,FL048,2024-02-19,102,Paid
B0994,P0029,FL057,2024-12-21,27,Cancelled
B0995,P0222,FL060,2025-02-03,90,Cancelled
B0996,P0417,FL020,2024-12-22,115,Pending
B0997,P0104,FL094,2024-03-30,62,Pending
B0998,P0363,FL049,2024-11-01,3,Pending
B0999,P0321,FL090,2024-05-01,124,Paid
B1000,P0403,FL062,2024-04-08,45,Cancelled
